{"loss": [0.40425283586701904, 0.2421791191553124, 0.17759080888130344, 0.15155961465520354, 0.11858314754566751, 0.11331558393684622, 0.10423102345756398, 0.08463962924911474, 0.09164754508245283, 0.06601125802173136, 0.053321630455581887, 0.03224607053743034], "accuracy": [0.8224358974358974, 0.9025641025641026, 0.9333333333333333, 0.9448717948717948, 0.9615384615384616, 0.958974358974359, 0.9621794871794872, 0.9737179487179487, 0.9724358974358974, 0.9762820512820513, 0.982051282051282, 0.9897435897435898]}